{
  "num_simulations": 100,
  "total_players": 249,
  "players_with_real_fpts": 159,
  "win_rates": {
    "Late-QB": 5.0,
    "Zero-WR": 17.0,
    "Spread": 18.0,
    "Hero-RB": 18.0,
    "Late-RB": 13.0,
    "BPA": 8.0,
    "Elite-Stack": 1.0,
    "Robust-Flex": 4.0,
    "Balanced": 8.0,
    "Zero-RB": 5.0,
    "Random": 3.0
  },
  "avg_scores": {
    "Late-QB": 1634.120999999999,
    "Spread": 1848.4569999999994,
    "Zero-RB": 1592.4619999999995,
    "Zero-WR": 1813.6370000000004,
    "Hero-RB": 1780.2739999999988,
    "Balanced": 1681.8770000000002,
    "Random": 2536.848000000001,
    "BPA": 1662.5229999999992,
    "Robust-Flex": 1617.5679999999993,
    "Elite-Stack": 1642.3959999999997,
    "Late-RB": 1669.2450000000006
  },
  "win_counts": {
    "Late-QB": 5,
    "Zero-WR": 17,
    "Spread": 18,
    "Hero-RB": 18,
    "Late-RB": 13,
    "BPA": 8,
    "Elite-Stack": 1,
    "Robust-Flex": 4,
    "Balanced": 8,
    "Zero-RB": 5,
    "Random": 3
  },
  "top_players_by_contribution": {
    "Justin Herbert": 3.964454834215074,
    "Matthew Stafford": 3.4600425035191185,
    "Baker Mayfield": 3.283885489707886,
    "Josh Allen": 3.1755799948019297,
    "Jonathan Taylor": 3.0243010423587107,
    "Christian McCaffrey": 2.9916191871390163,
    "Jared Goff": 2.988115994275092,
    "Dak Prescott": 2.96811463056689,
    "Bo Nix": 2.8740895538997493,
    "Trevor Lawrence": 2.853269596705514,
    "Bijan Robinson": 2.750314670864825,
    "Drake Maye": 2.678369824240669,
    "Patrick Mahomes II": 2.352291393019145,
    "Javonte Williams": 2.315730553897841,
    "Caleb Williams": 2.3071932989380883,
    "Jordan Love": 2.0816806232632357,
    "Kyren Williams": 2.0489977240839536,
    "Derrick Henry": 2.042301182098069,
    "James Cook III": 1.934895942601797,
    "Lamar Jackson": 1.8712610038515278
  },
  "sample_drafts": [
    {
      "sim": 0,
      "standings": [
        [
          "Late-QB",
          1994.7
        ],
        [
          "Spread",
          1945.2
        ],
        [
          "Zero-RB",
          1797.9
        ],
        [
          "Zero-WR",
          1765.0
        ],
        [
          "Hero-RB",
          1755.4
        ],
        [
          "Balanced",
          1742.3
        ],
        [
          "Random",
          1729.9
        ],
        [
          "BPA",
          1645.5
        ],
        [
          "Robust-Flex",
          1523.1
        ],
        [
          "Elite-Stack",
          1119.0
        ],
        [
          "Late-RB",
          1113.6
        ],
        [
          "Random",
          1094.8
        ]
      ],
      "winner": "Late-QB"
    },
    {
      "sim": 1,
      "standings": [
        [
          "Zero-WR",
          2188.1
        ],
        [
          "BPA",
          2028.2
        ],
        [
          "Balanced",
          1808.3
        ],
        [
          "Robust-Flex",
          1778.4
        ],
        [
          "Late-RB",
          1746.2
        ],
        [
          "Elite-Stack",
          1729.9
        ],
        [
          "Late-QB",
          1650.6
        ],
        [
          "Spread",
          1639.1
        ],
        [
          "Hero-RB",
          1565.3
        ],
        [
          "Zero-RB",
          1232.6
        ],
        [
          "Random",
          1214.8
        ],
        [
          "Random",
          1116.1
        ]
      ],
      "winner": "Zero-WR"
    },
    {
      "sim": 2,
      "standings": [
        [
          "Zero-WR",
          2080.7
        ],
        [
          "Spread",
          2032.5
        ],
        [
          "Late-QB",
          1906.7
        ],
        [
          "Balanced",
          1887.9
        ],
        [
          "Elite-Stack",
          1837.3
        ],
        [
          "Hero-RB",
          1689.5
        ],
        [
          "Late-RB",
          1513.8
        ],
        [
          "Robust-Flex",
          1503.1
        ],
        [
          "BPA",
          1442.9
        ],
        [
          "Random",
          1283.6
        ],
        [
          "Zero-RB",
          1274.3
        ],
        [
          "Random",
          1260.3
        ]
      ],
      "winner": "Zero-WR"
    },
    {
      "sim": 3,
      "standings": [
        [
          "Spread",
          2159.3
        ],
        [
          "Late-RB",
          1963.1
        ],
        [
          "Late-QB",
          1961.1
        ],
        [
          "Random",
          1820.4
        ],
        [
          "BPA",
          1785.5
        ],
        [
          "Elite-Stack",
          1699.7
        ],
        [
          "Balanced",
          1535.1
        ],
        [
          "Zero-WR",
          1520.8
        ],
        [
          "Zero-RB",
          1445.3
        ],
        [
          "Hero-RB",
          1321.2
        ],
        [
          "Robust-Flex",
          1285.1
        ],
        [
          "Random",
          1102.8
        ]
      ],
      "winner": "Spread"
    },
    {
      "sim": 4,
      "standings": [
        [
          "Hero-RB",
          1899.6
        ],
        [
          "Late-QB",
          1867.1
        ],
        [
          "Zero-WR",
          1843.6
        ],
        [
          "BPA",
          1772.4
        ],
        [
          "Balanced",
          1727.6
        ],
        [
          "Spread",
          1710.4
        ],
        [
          "Elite-Stack",
          1705.2
        ],
        [
          "Robust-Flex",
          1667.3
        ],
        [
          "Late-RB",
          1564.8
        ],
        [
          "Zero-RB",
          1447.4
        ],
        [
          "Random",
          1406.6
        ],
        [
          "Random",
          1214.8
        ]
      ],
      "winner": "Hero-RB"
    }
  ],
  "strategy_summary": {
    "Late-QB": {
      "wins": 5,
      "win_rate_pct": 5.0,
      "avg_score": 1634.1
    },
    "Spread": {
      "wins": 18,
      "win_rate_pct": 18.0,
      "avg_score": 1848.5
    },
    "Random": {
      "wins": 3,
      "win_rate_pct": 3.0,
      "avg_score": 2536.8
    },
    "Balanced": {
      "wins": 8,
      "win_rate_pct": 8.0,
      "avg_score": 1681.9
    },
    "Zero-WR": {
      "wins": 17,
      "win_rate_pct": 17.0,
      "avg_score": 1813.6
    },
    "Hero-RB": {
      "wins": 18,
      "win_rate_pct": 18.0,
      "avg_score": 1780.3
    },
    "Elite-Stack": {
      "wins": 1,
      "win_rate_pct": 1.0,
      "avg_score": 1642.4
    },
    "Late-RB": {
      "wins": 13,
      "win_rate_pct": 13.0,
      "avg_score": 1669.2
    },
    "Zero-RB": {
      "wins": 5,
      "win_rate_pct": 5.0,
      "avg_score": 1592.5
    },
    "BPA": {
      "wins": 8,
      "win_rate_pct": 8.0,
      "avg_score": 1662.5
    },
    "Robust-Flex": {
      "wins": 4,
      "win_rate_pct": 4.0,
      "avg_score": 1617.6
    }
  }
}